filename,width,height,class,xmin,ymin,xmax,ymax
0424-Can (10).jpg,544,726,Can,203,135,349,525
0424-Can (100).jpg,544,726,Can,134,55,355,630
0424-Can (11).jpg,544,726,Can,199,145,342,531
0424-Can (12).jpg,544,726,Can,185,141,335,546
0424-Can (13).jpg,544,726,Can,188,133,344,538
0424-Can (14).jpg,544,726,Can,185,136,336,548
0424-Can (15).jpg,544,726,Can,185,135,347,548
0424-Can (16).jpg,544,726,Can,191,134,347,542
0424-Can (17).jpg,544,726,Can,194,123,349,539
0424-Can (18).jpg,544,726,Can,191,128,348,534
0424-Can (19).jpg,544,726,Can,194,121,354,534
0424-Can (20).jpg,544,726,Can,194,117,345,536
0424-Can (21).jpg,544,726,Can,191,119,350,530
0424-Can (22).jpg,544,726,Can,169,151,338,593
0424-Can (23).jpg,544,726,Can,173,161,339,592
0424-Can (24).jpg,544,726,Can,173,165,338,600
0424-Can (25).jpg,544,726,Can,179,158,348,591
0424-Can (26).jpg,544,726,Can,180,161,346,592
0424-Can (27).jpg,544,726,Can,188,185,346,587
0424-Can (28).jpg,544,726,Can,188,189,348,591
0424-Can (29).jpg,544,726,Can,185,186,347,587
0424-Can (30).jpg,544,726,Can,190,188,349,593
0424-Can (31).jpg,544,726,Can,192,186,350,590
0424-Can (32).jpg,544,726,Can,193,183,348,585
0424-Can (36).jpg,544,726,Can,187,179,347,579
0424-Can (37).jpg,544,726,Can,193,168,347,580
0424-Can (38).jpg,544,726,Can,189,177,348,583
0424-Can (39).jpg,544,726,Can,193,148,358,583
0424-Can (4).jpg,544,726,Can,190,165,329,543
0424-Can (40).jpg,544,726,Can,192,159,351,565
0424-Can (41).jpg,544,726,Can,188,130,361,582
0424-Can (42).jpg,544,726,Can,197,124,375,609
0424-Can (43).jpg,544,726,Can,185,123,364,613
0424-Can (44).jpg,544,726,Can,186,142,362,592
0424-Can (45).jpg,544,726,Can,193,149,361,586
0424-Can (46).jpg,544,726,Can,179,127,365,627
0424-Can (47).jpg,544,726,Can,176,135,361,620
0424-Can (48).jpg,544,726,Can,197,129,362,571
0424-Can (49).jpg,544,726,Can,194,134,369,579
0424-Can (5).jpg,544,726,Can,197,143,341,531
0424-Can (50).jpg,544,726,Can,182,121,365,609
0424-Can (51).jpg,544,726,Can,129,51,352,629
0424-Can (52).jpg,544,726,Can,188,174,353,638
0424-Can (53).jpg,544,726,Can,184,169,357,647
0424-Can (54).jpg,544,726,Can,188,170,355,645
0424-Can (55).jpg,544,726,Can,178,171,351,645
0424-Can (56).jpg,544,726,Can,179,171,349,644
0424-Can (57).jpg,544,726,Can,174,171,350,647
0424-Can (58).jpg,544,726,Can,179,172,349,639
0424-Can (59).jpg,544,726,Can,176,171,350,642
0424-Can (6).jpg,544,726,Can,190,148,333,533
0424-Can (61).jpg,544,726,Can,132,19,390,693
0424-Can (62).jpg,544,726,Can,155,78,363,601
0424-Can (63).jpg,544,726,Can,170,71,373,600
0424-Can (64).jpg,544,726,Can,163,82,364,606
0424-Can (65).jpg,544,726,Can,166,77,364,603
0424-Can (66).jpg,544,726,Can,167,83,362,607
0424-Can (67).jpg,544,726,Can,159,89,356,608
0424-Can (68).jpg,544,726,Can,163,89,361,607
0424-Can (69).jpg,544,726,Can,159,90,358,606
0424-Can (7).jpg,544,726,Can,209,144,352,521
0424-Can (73).jpg,544,726,Can,155,45,392,671
0424-Can (74).jpg,544,726,Can,165,45,402,681
0424-Can (75).jpg,544,726,Can,159,52,397,679
0424-Can (76).jpg,544,726,Can,168,48,405,684
0424-Can (77).jpg,544,726,Can,152,59,393,677
0424-Can (78).jpg,544,726,Can,142,62,379,677
0424-Can (79).jpg,544,726,Can,152,59,383,681
0424-Can (8).jpg,544,726,Can,202,139,341,529
0424-Can (80).jpg,544,726,Can,141,59,375,683
0424-Can (81).jpg,544,726,Can,154,68,393,680
0424-Can (82).jpg,544,726,Can,146,59,370,655
0424-Can (83).jpg,544,726,Can,158,68,381,650
0424-Can (84).jpg,544,726,Can,146,62,366,645
0424-Can (85).jpg,544,726,Can,152,53,371,644
0424-Can (86).jpg,544,726,Can,149,60,366,642
0424-Can (87).jpg,544,726,Can,147,50,364,636
0424-Can (88).jpg,544,726,Can,147,50,365,642
0424-Can (89).jpg,544,726,Can,137,53,352,645
0424-Can (9).jpg,544,726,Can,205,136,354,526
0424-Can (90).jpg,544,726,Can,132,52,353,643
0424-Can (91).jpg,544,726,Can,129,53,342,643
0424-Can (92).jpg,544,726,Can,145,59,367,643
0424-Can (93).jpg,544,726,Can,142,58,366,642
0424-Can (94).jpg,544,726,Can,144,54,365,650
0424-Can (95).jpg,544,726,Can,131,56,352,638
0424-Can (96).jpg,544,726,Can,133,49,355,642
0424-Can (97).jpg,544,726,Can,140,53,351,644
0424-Can (98).jpg,544,726,Can,132,45,350,642
0424-Can (99).jpg,544,726,Can,126,51,350,637
0424-Glas (1).jpg,544,726,Glass,198,131,358,626
0424-Glas (10).jpg,544,726,Glass,187,52,362,580
0424-Glas (11).jpg,544,726,Glass,179,66,355,586
0424-Glas (12).jpg,544,726,Glass,188,98,367,634
0424-Glas (13).jpg,544,726,Glass,188,98,363,630
0424-Glas (14).jpg,544,726,Glass,182,107,353,633
0424-Glas (15).jpg,544,726,Glass,186,102,367,639
0424-Glas (16).jpg,544,726,Glass,176,107,351,637
0424-Glas (17).jpg,544,726,Glass,176,103,347,639
0424-Glas (18).jpg,544,726,Glass,181,108,355,645
0424-Glas (19).jpg,544,726,Glass,180,113,356,645
0424-Glas (2).jpg,544,726,Glass,175,106,349,625
0424-Glas (20).jpg,544,726,Glass,181,107,358,642
0424-Glas (21).jpg,544,726,Glass,179,110,355,636
0424-Glas (22).jpg,544,726,Glass,193,104,367,630
0424-Glas (23).jpg,544,726,Glass,194,83,364,600
0424-Glas (24).jpg,544,726,Glass,189,88,355,606
0424-Glas (25).jpg,544,726,Glass,191,92,355,606
0424-Glas (26).jpg,544,726,Glass,189,92,356,604
0424-Glas (27).jpg,544,726,Glass,189,92,356,606
0424-Glas (28).jpg,544,726,Glass,185,93,358,607
0424-Glas (29).jpg,544,726,Glass,187,96,349,607
0424-Glas (3).jpg,544,726,Glass,190,103,358,620
0424-Glas (30).jpg,544,726,Glass,191,99,354,609
0424-Glas (31).jpg,544,726,Glass,181,94,352,611
0424-Glas (32).jpg,544,726,Glass,191,93,343,553
0424-Glas (33).jpg,544,726,Glass,202,98,348,552
0424-Glas (34).jpg,544,726,Glass,196,87,347,553
0424-Glas (35).jpg,544,726,Glass,194,90,344,544
0424-Glas (36).jpg,544,726,Glass,185,92,337,556
0424-Glas (37).jpg,544,726,Glass,180,82,338,559
0424-Glas (38).jpg,544,726,Glass,197,85,349,550
0424-Glas (39).jpg,544,726,Glass,191,91,338,536
0424-Glas (4).jpg,544,726,Glass,188,103,355,618
0424-Glas (40).jpg,544,726,Glass,187,88,339,542
0424-Glas (41).jpg,544,726,Glass,202,137,343,563
0424-Glas (42).jpg,544,726,Glass,188,143,349,627
0424-Glas (43).jpg,544,726,Glass,189,143,348,633
0424-Glas (44).jpg,544,726,Glass,189,142,347,628
0424-Glas (45).jpg,544,726,Glass,188,145,346,625
0424-Glas (46).jpg,544,726,Glass,191,145,354,638
0424-Glas (47).jpg,544,726,Glass,191,143,355,632
0424-Glas (48).jpg,544,726,Glass,194,147,352,633
0424-Glas (49).jpg,544,726,Glass,197,142,356,629
0424-Glas (5).jpg,544,726,Glass,185,96,358,614
0424-Glas (50).jpg,544,726,Glass,194,136,355,628
0424-Glas (6).jpg,544,726,Glass,193,93,361,606
0424-Glas (7).jpg,544,726,Glass,190,89,358,602
0424-Glas (8).jpg,544,726,Glass,183,86,355,598
0424-Glas (9).jpg,544,726,Glass,188,78,361,589
0424-Plas (1).jpg,544,726,Plastic,177,109,361,589
0424-Plas (10).jpg,544,726,Plastic,191,98,341,500
0424-Plas (11).jpg,544,726,Plastic,183,98,344,498
0424-Plas (12).jpg,544,726,Plastic,187,78,363,515
0424-Plas (13).jpg,544,726,Plastic,183,177,373,658
0424-Plas (14).jpg,544,726,Plastic,181,187,363,643
0424-Plas (15).jpg,544,726,Plastic,172,129,377,663
0424-Plas (16).jpg,544,726,Plastic,167,147,373,661
0424-Plas (17).jpg,544,726,Plastic,164,119,378,673
0424-Plas (18).jpg,544,726,Plastic,182,136,378,641
0424-Plas (19).jpg,544,726,Plastic,188,153,364,597
0424-Plas (2).jpg,544,726,Plastic,197,98,357,509
0424-Plas (20).jpg,544,726,Plastic,182,142,368,615
0424-Plas (21).jpg,544,726,Plastic,193,165,364,586
0424-Plas (22).jpg,544,726,Plastic,197,181,355,579
0424-Plas (23).jpg,544,726,Plastic,174,100,363,596
0424-Plas (24).jpg,544,726,Plastic,175,86,362,595
0424-Plas (25).jpg,544,726,Plastic,176,88,366,593
0424-Plas (26).jpg,544,726,Plastic,171,41,386,620
0424-Plas (27).jpg,544,726,Plastic,172,68,374,607
0424-Plas (28).jpg,544,726,Plastic,172,43,377,606
0424-Plas (29).jpg,544,726,Plastic,176,85,360,577
0424-Plas (3).jpg,544,726,Plastic,189,104,352,512
0424-Plas (30).jpg,544,726,Plastic,173,72,367,588
0424-Plas (31).jpg,544,726,Plastic,174,99,354,563
0424-Plas (32).jpg,544,726,Plastic,173,93,353,574
0424-Plas (33).jpg,544,726,Plastic,165,118,374,642
0424-Plas (36).jpg,544,726,Plastic,165,132,347,596
0424-Plas (37).jpg,544,726,Plastic,161,120,353,608
0424-Plas (38).jpg,544,726,Plastic,182,133,357,577
0424-Plas (39).jpg,544,726,Plastic,189,136,348,550
0424-Plas (4).jpg,544,726,Plastic,193,100,350,503
0424-Plas (40).jpg,544,726,Plastic,185,146,353,562
0424-Plas (41).jpg,544,726,Plastic,173,126,348,559
0424-Plas (42).jpg,544,726,Plastic,176,121,355,558
0424-Plas (43).jpg,544,726,Plastic,164,148,358,637
0424-Plas (44).jpg,544,726,Plastic,167,145,367,643
0424-Plas (45).jpg,544,726,Plastic,158,97,373,655
0424-Plas (46).jpg,544,726,Plastic,163,132,370,652
0424-Plas (47).jpg,544,726,Plastic,155,51,391,681
0424-Plas (48).jpg,544,726,Plastic,142,74,378,670
0424-Plas (49).jpg,544,726,Plastic,167,40,399,666
0424-Plas (5).jpg,544,726,Plastic,193,103,349,501
0424-Plas (52).jpg,544,726,Plastic,151,82,340,566
0424-Plas (53).jpg,544,726,Plastic,163,118,369,640
0424-Plas (54).jpg,544,726,Plastic,168,111,381,645
0424-Plas (55).jpg,544,726,Plastic,167,113,379,647
0424-Plas (56).jpg,544,726,Plastic,170,113,379,653
0424-Plas (57).jpg,544,726,Plastic,166,105,387,650
0424-Plas (58).jpg,544,726,Plastic,168,103,385,645
0424-Plas (59).jpg,544,726,Plastic,168,103,385,647
0424-Plas (6).jpg,544,726,Plastic,192,103,347,502
0424-Plas (60).jpg,544,726,Plastic,163,103,384,647
0424-Plas (61).jpg,544,726,Plastic,155,93,379,665
0424-Plas (62).jpg,544,726,Plastic,154,73,385,666
0424-Plas (65).jpg,544,726,Plastic,156,112,372,640
0424-Plas (66).jpg,544,726,Plastic,167,112,376,639
0424-Plas (67).jpg,544,726,Plastic,158,117,367,636
0424-Plas (68).jpg,544,726,Plastic,158,113,369,642
0424-Plas (69).jpg,544,726,Plastic,157,111,370,636
0424-Plas (70).jpg,544,726,Plastic,158,109,368,637
0424-Plas (71).jpg,544,726,Plastic,160,110,372,642
0424-Plas (72).jpg,544,726,Plastic,156,106,370,637
0424-Plas (73).jpg,544,726,Plastic,161,60,363,574
0424-Plas (74).jpg,544,726,Plastic,169,62,372,583
0424-Plas (75).jpg,544,726,Plastic,164,62,367,575
0424-Plas (76).jpg,544,726,Plastic,171,58,373,583
0424-Plas (77).jpg,544,726,Plastic,166,51,373,580
0424-Plas (78).jpg,544,726,Plastic,166,59,372,583
0424-Plas (79).jpg,544,726,Plastic,167,52,367,577
0424-Plas (80).jpg,544,726,Plastic,170,48,373,580
0424-Plas (81).jpg,544,726,Plastic,168,52,369,577
0424-Plas (82).jpg,544,726,Plastic,170,52,371,572
0424-Plas (83).jpg,544,726,Plastic,179,86,393,601
0424-Plas (84).jpg,544,726,Plastic,176,88,393,603
0424-Plas (85).jpg,544,726,Plastic,176,87,390,606
0424-Plas (86).jpg,544,726,Plastic,176,88,394,607
0424-Plas (87).jpg,544,726,Plastic,178,86,391,601
0424-Plas (88).jpg,544,726,Plastic,141,110,351,631
0424-Plas (89).jpg,544,726,Plastic,132,109,349,624
0424-Plas (9).jpg,544,726,Plastic,187,100,348,505
0424-Plas (90).jpg,544,726,Plastic,140,112,355,625
0424-Plas (91).jpg,544,726,Plastic,134,104,349,621
0424-Plas (92).jpg,544,726,Plastic,132,100,347,621
0424-Plas (93).jpg,544,726,Plastic,164,86,354,570
0424-Plas (94).jpg,544,726,Plastic,167,89,347,567
0424-Plas (95).jpg,544,726,Plastic,165,90,348,563
0424-Plas (96).jpg,544,726,Plastic,163,83,344,561
0424-Plas (97).jpg,544,726,Plastic,163,83,348,565
0424-Plas (98).jpg,544,726,Plastic,158,83,341,559
0424-Plas (99).jpg,544,726,Plastic,152,85,335,555
0424_Glas (10).jpg,544,726,Glass,205,127,347,588
0424_Glas (11).jpg,544,726,Glass,200,127,347,582
0424_Glas (12).jpg,544,726,Glass,188,106,359,647
0424_Glas (13).jpg,544,726,Glass,191,108,359,649
0424_Glas (14).jpg,544,726,Glass,189,111,358,652
0424_Glas (15).jpg,544,726,Glass,191,108,354,648
0424_Glas (16).jpg,544,726,Glass,191,106,355,654
0424_Glas (17).jpg,544,726,Glass,189,110,355,644
0424_Glas (18).jpg,544,726,Glass,187,112,354,647
0424_Glas (19).jpg,544,726,Glass,191,108,355,650
0424_Glas (20).jpg,544,726,Glass,192,111,358,648
0424_Glas (21).jpg,544,726,Glass,191,109,360,647
0424_Glas (22).jpg,544,726,Glass,172,131,344,665
0424_Glas (23).jpg,544,726,Glass,180,128,349,672
0424_Glas (24).jpg,544,726,Glass,185,129,358,672
0424_Glas (25).jpg,544,726,Glass,188,124,358,663
0424_Glas (26).jpg,544,726,Glass,186,124,355,658
0424_Glas (27).jpg,544,726,Glass,188,124,354,664
0424_Glas (28).jpg,544,726,Glass,187,116,354,659
0424_Glas (29).jpg,544,726,Glass,184,115,354,661
0424_Glas (30).jpg,544,726,Glass,181,114,354,659
0424_Glas (31).jpg,544,726,Glass,188,111,353,659
0424_Glas (36).jpg,544,726,Glass,168,51,335,615
0424_Glas (37).jpg,544,726,Glass,193,39,373,642
0424_Glas (38).jpg,544,726,Glass,173,38,363,631
0424_Glas (39).jpg,544,726,Glass,194,37,379,633
0424_Glas (4).jpg,544,726,Glass,206,130,346,586
0424_Glas (40).jpg,544,726,Glass,174,36,358,639
0424_Glas (41).jpg,544,726,Glass,161,39,356,702
0424_Glas (42).jpg,544,726,Glass,172,56,373,700
0424_Glas (43).jpg,544,726,Glass,179,58,370,683
0424_Glas (44).jpg,544,726,Glass,185,62,374,695
0424_Glas (48).jpg,544,726,Glass,177,71,355,652
0424_Glas (49).jpg,544,726,Glass,187,74,358,638
0424_Glas (5).jpg,544,726,Glass,202,128,344,585
0424_Glas (50).jpg,544,726,Glass,185,76,355,631
0424_Glas (6).jpg,544,726,Glass,204,127,346,580
0424_Glas (7).jpg,544,726,Glass,203,132,345,580
0424_Glas (8).jpg,544,726,Glass,205,128,345,580
0424_Glas (9).jpg,544,726,Glass,203,126,346,576
1reCAN-2 (122).jpg,484,645,Can,149,76,337,567
1reCAN-2 (123).jpg,484,645,Can,145,98,337,565
1reCAN-2 (124).jpg,484,645,Can,145,84,339,555
1reCAN-2 (125).jpg,484,645,Can,143,92,331,556
1reCAN-2 (126).jpg,484,645,Can,145,105,326,553
1reCAN-2 (127).jpg,484,645,Can,145,105,330,549
1reCAN-2 (128).jpg,484,645,Can,151,104,331,554
1reCAN-2 (129).jpg,484,645,Can,152,109,331,547
1reCAN-2 (130).jpg,484,645,Can,160,104,345,558
1reCAN-2 (131).jpg,484,645,Can,152,102,333,552
1reCAN-2 (132).jpg,484,645,Can,154,104,343,557
1reCAN-2 (133).jpg,484,645,Can,151,102,335,559
1reCAN-2 (134).jpg,484,645,Can,169,161,328,565
1reCAN-2 (135).jpg,484,645,Can,169,154,329,562
1reCAN-2 (136).jpg,484,645,Can,166,159,329,563
1reCAN-2 (137).jpg,484,645,Can,166,161,323,565
1reCAN-2 (138).jpg,484,645,Can,167,166,326,575
1reCAN-2 (139).jpg,484,645,Can,167,166,329,571
1reCAN-2 (140).jpg,484,645,Can,168,163,327,570
1reCAN-2 (141).jpg,484,645,Can,168,166,328,569
1reCAN-2 (142).jpg,484,645,Can,155,169,309,552
1reCAN-2 (143).jpg,484,645,Can,152,169,309,553
1reCAN-2 (144).jpg,484,645,Can,154,171,305,556
1reCAN-2 (145).jpg,484,645,Can,156,171,302,561
1reCAN-2 (146).jpg,484,645,Can,144,136,321,592
1reCAN-2 (147).jpg,484,645,Can,144,140,322,599
1reCAN-2 (148).jpg,484,645,Can,147,137,322,599
1reCAN-2 (149).jpg,484,645,Can,147,139,325,601
1reCAN-2 (150).jpg,484,645,Can,143,52,345,548
1reCAN-2 (151).jpg,484,645,Can,142,52,346,547
1reCAN-2 (152).jpg,484,645,Can,146,53,354,551
1reCAN-2 (153).jpg,484,645,Can,147,49,352,542
1reCAN-2 (154).jpg,484,645,Can,139,35,339,548
1reCAN-2 (155).jpg,484,645,Can,138,44,334,557
1reCAN-2 (156).jpg,484,645,Can,143,51,337,561
1reCAN-2 (157).jpg,484,645,Can,140,57,340,563
1reCAN-2 (158).jpg,484,645,Can,145,69,339,564
1reCAN-2 (159).jpg,484,645,Can,145,73,337,569
1reCAN-2 (160).jpg,484,645,Can,146,71,342,567
1reCAN-2 (161).jpg,484,645,Can,149,73,341,562
1reGALSS-2 (162).jpg,484,645,Glass,137,59,305,556
1reGALSS-2 (163).jpg,484,645,Glass,133,74,321,592
1reGALSS-2 (164).jpg,484,645,Glass,139,71,315,587
1reGALSS-2 (165).jpg,484,645,Glass,141,70,321,588
1reGALSS-2 (166).jpg,484,645,Glass,139,64,318,598
1reGALSS-2 (167).jpg,484,645,Glass,140,64,321,584
1reGALSS-2 (168).jpg,484,645,Glass,141,65,318,584
1reGALSS-2 (169).jpg,484,645,Glass,138,62,319,584
1reGALSS-2 (170).jpg,484,645,Glass,170,135,303,527
1reGALSS-2 (171).jpg,484,645,Glass,170,134,301,518
1reGALSS-2 (172).jpg,484,645,Glass,169,133,305,526
1reGALSS-2 (173).jpg,484,645,Glass,167,133,299,526
1reGALSS-2 (174).jpg,484,645,Glass,167,138,298,527
1reGALSS-2 (175).jpg,484,645,Glass,164,137,300,521
1reGALSS-2 (176).jpg,484,645,Glass,167,137,300,520
1reGALSS-2 (177).jpg,484,645,Glass,162,87,319,553
1reGALSS-2 (178).jpg,484,645,Glass,210,180,319,480
1reGALSS-2 (179).jpg,484,645,Glass,205,196,303,479
1reGALSS-2 (180).jpg,484,645,Glass,196,185,303,488
1reGALSS-2 (181).jpg,484,645,Glass,182,161,305,510
1reGALSS-2 (182).jpg,484,645,Glass,180,147,310,519
1reGALSS-2 (183).jpg,484,645,Glass,182,128,316,527
1reGALSS-2 (184).jpg,484,645,Glass,175,104,328,555
1reGALSS-2 (185).jpg,484,645,Glass,181,118,323,547
1reGALSS-2 (186).jpg,484,645,Glass,172,147,311,567
1reGALSS-2 (187).jpg,484,645,Glass,173,152,310,573
1reGALSS-2 (188).jpg,484,645,Glass,169,147,317,569
1reGALSS-2 (189).jpg,484,645,Glass,172,152,310,574
1reGALSS-2 (190).jpg,484,645,Glass,170,154,312,565
1reGALSS-2 (191).jpg,484,645,Glass,168,154,313,572
1reGALSS-2 (192).jpg,484,645,Glass,167,153,309,570
1reGALSS-2 (193).jpg,484,645,Glass,166,157,310,575
1reGALSS-2 (194).jpg,484,645,Glass,134,71,303,566
1reGALSS-2 (195).jpg,484,645,Glass,137,65,306,555
1reGALSS-2 (196).jpg,484,645,Glass,133,69,306,557
1reGALSS-2 (197).jpg,484,645,Glass,131,62,311,564
1reGALSS-2 (198).jpg,484,645,Glass,136,59,309,557
1reGALSS-2 (199).jpg,484,645,Glass,137,64,313,570
1reGALSS-2 (200).jpg,484,645,Glass,139,57,308,557
1reGALSS-2 (201).jpg,484,645,Glass,139,55,307,556
1rePLASTIC-2 (100).jpg,484,645,Plastic,141,107,321,529
1rePLASTIC-2 (101).jpg,484,645,Plastic,139,110,319,531
1rePLASTIC-2 (102).jpg,484,645,Plastic,134,108,321,529
1rePLASTIC-2 (103).jpg,484,645,Plastic,131,108,318,529
1rePLASTIC-2 (104).jpg,484,645,Plastic,137,108,318,526
1rePLASTIC-2 (105).jpg,484,645,Plastic,141,108,315,524
1rePLASTIC-2 (106).jpg,484,645,Plastic,149,39,345,531
1rePLASTIC-2 (107).jpg,484,645,Plastic,153,86,356,569
1rePLASTIC-2 (108).jpg,484,645,Plastic,158,65,352,558
1rePLASTIC-2 (109).jpg,484,645,Plastic,154,78,359,562
1rePLASTIC-2 (110).jpg,484,645,Plastic,154,74,356,561
1rePLASTIC-2 (111).jpg,484,645,Plastic,160,78,355,564
1rePLASTIC-2 (112).jpg,484,645,Plastic,167,74,364,562
1rePLASTIC-2 (113).jpg,484,645,Plastic,164,73,359,561
1rePLASTIC-2 (114).jpg,484,645,Plastic,162,72,364,589
1rePLASTIC-2 (115).jpg,484,645,Plastic,139,76,345,591
1rePLASTIC-2 (116).jpg,484,645,Plastic,133,80,349,596
1rePLASTIC-2 (117).jpg,484,645,Plastic,130,80,337,593
1rePLASTIC-2 (118).jpg,484,645,Plastic,145,78,352,590
1rePLASTIC-2 (119).jpg,484,645,Plastic,139,70,351,588
1rePLASTIC-2 (120).jpg,484,645,Plastic,137,61,352,582
1rePLASTIC-2 (121).jpg,484,645,Plastic,142,75,351,583
1rePLASTIC-2 (82).jpg,484,645,Plastic,144,73,352,590
1rePLASTIC-2 (83).jpg,484,645,Plastic,133,56,345,582
1rePLASTIC-2 (84).jpg,484,645,Plastic,142,75,348,576
1rePLASTIC-2 (85).jpg,484,645,Plastic,137,102,336,573
1rePLASTIC-2 (86).jpg,484,645,Plastic,142,86,336,571
1rePLASTIC-2 (87).jpg,484,645,Plastic,141,98,331,561
1rePLASTIC-2 (88).jpg,484,645,Plastic,130,102,321,540
1rePLASTIC-2 (89).jpg,484,645,Plastic,140,105,321,543
1rePLASTIC-2 (90).jpg,484,645,Plastic,157,80,344,533
1rePLASTIC-2 (91).jpg,484,645,Plastic,163,88,349,539
1rePLASTIC-2 (92).jpg,484,645,Plastic,144,73,341,548
1rePLASTIC-2 (93).jpg,484,645,Plastic,157,82,348,557
1rePLASTIC-2 (94).jpg,484,645,Plastic,144,74,333,546
1rePLASTIC-2 (95).jpg,484,645,Plastic,140,102,322,543
1rePLASTIC-2 (96).jpg,484,645,Plastic,164,106,341,544
1rePLASTIC-2 (97).jpg,484,645,Plastic,172,96,350,544
1rePLASTIC-2 (98).jpg,484,645,Plastic,143,120,321,533
1rePLASTIC-2 (99).jpg,484,645,Plastic,143,112,314,531
1reTo-2 (10).jpg,645,484,Glass,20,107,143,458
1reTo-2 (10).jpg,645,484,Can,228,105,372,434
1reTo-2 (10).jpg,645,484,Plastic,467,111,614,441
1reTo-2 (11).jpg,645,484,Glass,14,101,141,459
1reTo-2 (11).jpg,645,484,Can,227,105,361,436
1reTo-2 (11).jpg,645,484,Plastic,457,118,606,431
1reTo-2 (12).jpg,645,484,Glass,15,104,147,459
1reTo-2 (12).jpg,645,484,Can,233,103,363,435
1reTo-2 (12).jpg,645,484,Plastic,459,115,609,431
1reTo-2 (13).jpg,645,484,Glass,13,102,143,456
1reTo-2 (13).jpg,645,484,Can,227,102,360,431
1reTo-2 (13).jpg,645,484,Plastic,461,119,606,432
1reTo-2 (14).jpg,645,484,Glass,15,100,147,451
1reTo-2 (14).jpg,645,484,Can,227,100,362,430
1reTo-2 (14).jpg,645,484,Plastic,461,108,606,431
1reTo-2 (15).jpg,645,484,Glass,12,102,146,456
1reTo-2 (15).jpg,645,484,Can,228,104,362,434
1reTo-2 (15).jpg,645,484,Plastic,462,118,605,427
1reTo-2 (16).jpg,645,484,Glass,19,95,150,444
1reTo-2 (16).jpg,645,484,Can,235,95,364,423
1reTo-2 (16).jpg,645,484,Plastic,465,111,610,418
1reTo-2 (17).jpg,645,484,Glass,15,99,146,448
1reTo-2 (17).jpg,645,484,Can,230,98,365,427
1reTo-2 (17).jpg,645,484,Plastic,464,111,606,424
1reTo-2 (18).jpg,645,484,Glass,153,55,263,388
1reTo-2 (18).jpg,645,484,Plastic,305,94,426,388
1reTo-2 (18).jpg,645,484,Can,465,58,618,398
1reTo-2 (19).jpg,645,484,Glass,155,53,262,387
1reTo-2 (19).jpg,645,484,Plastic,313,93,432,389
1reTo-2 (19).jpg,645,484,Can,464,63,620,401
1reTo-2 (20).jpg,645,484,Glass,146,58,257,389
1reTo-2 (20).jpg,645,484,Plastic,298,93,423,393
1reTo-2 (20).jpg,645,484,Can,459,63,612,402
1reTo-2 (21).jpg,645,484,Glass,144,52,251,389
1reTo-2 (21).jpg,645,484,Plastic,295,91,420,392
1reTo-2 (21).jpg,645,484,Can,455,57,611,404
1reTo-2 (22).jpg,645,484,Glass,137,46,250,388
1reTo-2 (22).jpg,645,484,Plastic,294,90,416,394
1reTo-2 (22).jpg,645,484,Can,452,58,610,401
1reTo-2 (23).jpg,645,484,Glass,137,50,245,391
1reTo-2 (23).jpg,645,484,Plastic,292,89,417,392
1reTo-2 (23).jpg,645,484,Can,452,58,610,404
1reTo-2 (24).jpg,645,484,Glass,135,48,247,388
1reTo-2 (24).jpg,645,484,Plastic,289,88,417,393
1reTo-2 (24).jpg,645,484,Can,451,59,608,400
1reTo-2 (25).jpg,645,484,Glass,134,47,248,389
1reTo-2 (25).jpg,645,484,Plastic,289,85,414,394
1reTo-2 (25).jpg,645,484,Can,452,57,610,401
1reTo-2 (26).jpg,645,484,Can,74,54,216,400
1reTo-2 (26).jpg,645,484,Plastic,256,98,385,402
1reTo-2 (26).jpg,645,484,Glass,426,53,546,398
1reTo-2 (27).jpg,645,484,Can,71,61,215,402
1reTo-2 (27).jpg,645,484,Plastic,251,102,384,407
1reTo-2 (27).jpg,645,484,Glass,422,56,545,396
1reTo-2 (28).jpg,645,484,Can,75,55,217,404
1reTo-2 (28).jpg,645,484,Plastic,259,96,389,405
1reTo-2 (28).jpg,645,484,Glass,428,48,553,394
1reTo-2 (29).jpg,645,484,Can,74,54,217,403
1reTo-2 (29).jpg,645,484,Plastic,258,75,392,407
1reTo-2 (29).jpg,645,484,Glass,431,44,553,395
1reTo-2 (3).jpg,645,484,Can,44,76,193,416
1reTo-2 (3).jpg,645,484,Glass,252,62,375,415
1reTo-2 (3).jpg,645,484,Plastic,433,103,576,421
1reTo-2 (30).jpg,645,484,Can,73,51,218,398
1reTo-2 (30).jpg,645,484,Plastic,256,78,390,403
1reTo-2 (30).jpg,645,484,Glass,430,44,554,393
1reTo-2 (31).jpg,645,484,Can,72,52,218,405
1reTo-2 (31).jpg,645,484,Plastic,253,81,391,403
1reTo-2 (31).jpg,645,484,Glass,429,44,555,395
1reTo-2 (32).jpg,645,484,Can,71,49,219,402
1reTo-2 (32).jpg,645,484,Plastic,255,77,392,404
1reTo-2 (32).jpg,645,484,Glass,430,43,555,392
1reTo-2 (33).jpg,645,484,Can,70,47,220,403
1reTo-2 (33).jpg,645,484,Plastic,258,75,394,399
1reTo-2 (33).jpg,645,484,Glass,431,41,554,391
1reTo-2 (34).jpg,645,484,Glass,81,131,188,430
1reTo-2 (34).jpg,645,484,Can,275,143,388,430
1reTo-2 (34).jpg,645,484,Plastic,432,150,559,413
1reTo-2 (35).jpg,645,484,Glass,79,118,188,420
1reTo-2 (35).jpg,645,484,Can,274,132,389,422
1reTo-2 (35).jpg,645,484,Plastic,432,139,559,405
1reTo-2 (36).jpg,645,484,Glass,74,128,186,442
1reTo-2 (36).jpg,645,484,Can,280,136,397,437
1reTo-2 (36).jpg,645,484,Plastic,439,143,572,415
1reTo-2 (37).jpg,645,484,Glass,65,113,178,429
1reTo-2 (37).jpg,645,484,Can,268,127,388,428
1reTo-2 (37).jpg,645,484,Plastic,434,136,562,409
1reTo-2 (38).jpg,645,484,Glass,78,107,190,421
1reTo-2 (38).jpg,645,484,Can,283,119,400,420
1reTo-2 (38).jpg,645,484,Plastic,447,123,580,405
1reTo-2 (39).jpg,645,484,Glass,73,106,190,425
1reTo-2 (39).jpg,645,484,Can,282,116,405,424
1reTo-2 (39).jpg,645,484,Plastic,451,114,587,404
1reTo-2 (4).jpg,645,484,Can,46,82,194,414
1reTo-2 (4).jpg,645,484,Glass,253,63,373,417
1reTo-2 (4).jpg,645,484,Plastic,439,100,576,423
1reTo-2 (40).jpg,645,484,Glass,49,103,171,442
1reTo-2 (40).jpg,645,484,Can,271,111,399,442
1reTo-2 (40).jpg,645,484,Plastic,449,117,595,423
1reTo-2 (41).jpg,645,484,Glass,27,79,165,459
1reTo-2 (41).jpg,645,484,Can,269,83,418,460
1reTo-2 (41).jpg,645,484,Plastic,476,94,635,435
1reTo-2 (42).jpg,645,484,Glass,17,79,156,472
1reTo-2 (42).jpg,645,484,Can,272,88,419,474
1reTo-2 (42).jpg,645,484,Plastic,478,91,641,450
1reTo-2 (5).jpg,645,484,Can,50,79,197,417
1reTo-2 (5).jpg,645,484,Glass,254,61,377,415
1reTo-2 (5).jpg,645,484,Plastic,434,103,579,421
1reTo-2 (6).jpg,645,484,Can,48,77,195,416
1reTo-2 (6).jpg,645,484,Glass,253,59,375,414
1reTo-2 (6).jpg,645,484,Plastic,433,104,576,420
1reTo-2 (7).jpg,645,484,Can,47,76,198,416
1reTo-2 (7).jpg,645,484,Glass,255,58,375,414
1reTo-2 (7).jpg,645,484,Plastic,438,102,578,419
1reTo-2 (8).jpg,645,484,Can,45,80,197,409
1reTo-2 (8).jpg,645,484,Glass,259,58,377,410
1reTo-2 (8).jpg,645,484,Plastic,439,102,576,418
1reTo-2 (9).jpg,645,484,Can,50,76,195,416
1reTo-2 (9).jpg,645,484,Glass,256,63,377,413
1reTo-2 (9).jpg,645,484,Plastic,440,97,574,419
Can (100).jpg,636,476,Can,249,40,417,471
Can (101).jpg,636,476,Can,256,60,415,468
Can (102).jpg,628,468,Can,228,43,375,390
Can (103).jpg,636,476,Can,221,64,377,432
Can (104).jpg,632,472,Can,230,40,398,443
Can (105).jpg,636,476,Can,229,46,394,438
Can (106).jpg,632,472,Can,226,33,393,441
Can (107).jpg,636,476,Can,231,52,387,415
Can (108).jpg,636,476,Can,235,40,392,431
Can (109).jpg,636,476,Can,235,42,404,448
Can (110).jpg,632,472,Can,240,30,408,446
Can (111).jpg,632,476,Can,231,25,414,445
Can (112).jpg,636,472,Can,215,43,380,432
Can (113).jpg,636,476,Can,212,46,386,458
Can (114).jpg,632,476,Can,221,34,396,456
Can (115).jpg,632,472,Can,214,38,390,454
Can (116).jpg,632,476,Can,225,28,419,469
Can (117).jpg,632,472,Can,184,10,379,454
Can (118).jpg,628,468,Can,200,42,379,451
Can (119).jpg,628,472,Can,198,65,365,440
Can (120).jpg,632,468,Can,205,53,372,439
Can (121).jpg,636,476,Can,199,74,366,439
Can (122).jpg,632,472,Can,210,46,377,437
Can (123).jpg,632,476,Can,214,53,383,448
Can (124).jpg,636,476,Can,222,40,396,449
Can (125).jpg,632,476,Can,220,38,397,448
Can (126).jpg,636,476,Can,217,30,400,456
Can (127).jpg,632,472,Can,236,51,411,458
Can (128).jpg,636,476,Can,221,40,397,464
Can (129).jpg,636,476,Can,215,29,398,473
Can (130).jpg,636,476,Can,219,27,399,468
Can (131).jpg,628,472,Can,211,26,394,466
Can (132).jpg,636,476,Can,263,79,412,457
Can (133).jpg,636,472,Can,251,78,406,461
Can (134).jpg,632,476,Can,255,81,415,468
Can (135).jpg,636,476,Can,251,68,408,454
Can (136).jpg,636,476,Can,251,64,409,462
Can (137).jpg,632,472,Can,241,85,387,448
Can (138).jpg,636,472,Can,245,97,393,461
Can (139).jpg,636,476,Can,239,99,389,466
Can (140).jpg,636,476,Can,256,79,406,464
Can (141).jpg,636,476,Can,255,69,413,458
Can (142).jpg,636,476,Can,245,89,397,455
Can (143).jpg,636,476,Can,248,84,401,454
Can (144).jpg,636,476,Can,251,82,406,450
Can (145).jpg,636,476,Can,255,77,407,446
Can (146).jpg,636,476,Can,252,52,420,459
Can (147).jpg,636,472,Can,233,39,385,417
Can (148).jpg,636,472,Can,234,52,384,426
Can (149).jpg,636,476,Can,232,47,385,421
Can (150).jpg,636,476,Can,223,27,386,434
Can (151).jpg,636,476,Can,215,24,381,434
Can (152).jpg,636,476,Can,205,44,376,471
Can (153).jpg,636,476,Can,194,48,370,472
Can (154).jpg,636,472,Can,202,54,374,472
Can (155).jpg,636,472,Can,200,47,366,471
Can (156).jpg,632,468,Can,181,43,353,463
Can (157).jpg,636,472,Can,206,30,371,461
Can (158).jpg,632,472,Can,200,21,373,453
Can (159).jpg,636,476,Can,206,40,374,471
Can (160).jpg,636,472,Can,211,53,365,451
Can (161).jpg,636,472,Can,196,57,344,431
Can (162).jpg,632,472,Can,193,39,346,433
Can (163).jpg,636,476,Can,205,34,372,451
Can (164).jpg,636,476,Can,209,20,385,449
Can (165).jpg,632,472,Can,215,11,398,463
Can (166).jpg,636,476,Can,191,51,352,452
Can (167).jpg,632,472,Can,205,49,367,453
Can (168).jpg,636,476,Can,223,49,388,456
Can (169).jpg,636,472,Can,216,52,385,463
Can (170).jpg,636,476,Can,211,51,377,459
Can (171).jpg,632,476,Can,218,54,384,455
Can (172).jpg,632,472,Can,225,52,382,438
Can (173).jpg,636,476,Can,227,54,386,444
Can (174).jpg,636,472,Can,225,53,385,439
Can (175).jpg,636,472,Can,221,50,376,442
Can (176).jpg,632,476,Can,220,43,382,444
Can (177).jpg,636,472,Can,218,45,369,426
Can (178).jpg,636,476,Can,226,41,373,422
Can (179).jpg,636,476,Can,223,38,382,434
Can (180).jpg,636,472,Can,233,32,395,436
Can (181).jpg,632,476,Can,258,25,424,429
Can (182).jpg,636,476,Can,244,79,388,440
Can (183).jpg,636,476,Can,230,80,372,441
Can (184).jpg,636,476,Can,237,74,383,440
Can (185).jpg,636,476,Can,224,76,373,441
Can (186).jpg,636,476,Can,226,81,372,443
Can (187).jpg,636,476,Can,225,84,374,443
Can (188).jpg,636,476,Can,228,52,387,449
Can (189).jpg,632,476,Can,219,54,378,452
Can (190).jpg,636,476,Can,207,40,363,435
Can (191).jpg,636,476,Can,204,44,360,438
Can (192).jpg,636,476,Can,203,39,359,437
Can (193).jpg,632,476,Can,195,83,345,463
Can (194).jpg,632,472,Can,197,77,345,457
Can (195).jpg,636,476,Can,209,88,355,462
Can (196).jpg,636,472,Can,206,78,355,454
Can (197).jpg,636,476,Can,207,84,354,459
Can (198).jpg,632,476,Can,258,76,410,459
Can (199).jpg,632,476,Can,229,60,381,442
Glass (1).jpg,636,476,Glass,244,7,363,347
Glass (10).jpg,632,476,Glass,218,58,335,385
Glass (11).jpg,636,468,Glass,218,53,334,382
Glass (12).jpg,628,464,Glass,225,55,340,376
Glass (13).jpg,636,476,Glass,223,59,337,390
Glass (14).jpg,636,472,Glass,222,58,338,382
Glass (15).jpg,636,472,Glass,218,58,337,377
Glass (16).jpg,636,472,Glass,223,52,340,381
Glass (17).jpg,632,476,Glass,249,92,333,329
Glass (18).jpg,636,468,Glass,242,92,329,329
Glass (19).jpg,628,472,Glass,242,96,326,332
Glass (2).jpg,632,472,Glass,235,34,354,362
Glass (20).jpg,632,476,Glass,240,83,327,321
Glass (21).jpg,632,472,Glass,241,84,325,319
Glass (22).jpg,628,468,Glass,235,90,321,326
Glass (23).jpg,632,476,Glass,241,78,324,316
Glass (24).jpg,636,476,Glass,244,90,327,324
Glass (25).jpg,636,476,Glass,245,83,326,316
Glass (26).jpg,636,476,Glass,215,41,339,418
Glass (27).jpg,636,476,Glass,212,58,330,413
Glass (28).jpg,636,476,Glass,209,44,340,432
Glass (29).jpg,636,476,Glass,216,38,343,424
Glass (3).jpg,636,472,Glass,202,12,343,425
Glass (30).jpg,632,472,Glass,208,67,337,430
Glass (31).jpg,636,476,Glass,218,77,338,432
Glass (32).jpg,632,476,Glass,213,47,338,429
Glass (33).jpg,636,476,Glass,214,79,335,431
Glass (34).jpg,636,476,Glass,215,74,335,431
Glass (35).jpg,636,476,Glass,218,86,335,435
Glass (36).jpg,636,472,Glass,218,91,342,432
Glass (37).jpg,636,472,Glass,220,83,333,429
Glass (38).jpg,636,476,Glass,226,91,341,431
Glass (39).jpg,636,476,Glass,219,82,331,429
Glass (4).jpg,632,472,Glass,207,11,347,424
Glass (40).jpg,636,476,Glass,215,82,331,426
Glass (41).jpg,636,476,Glass,235,62,359,435
Glass (42).jpg,636,476,Glass,236,44,353,407
Glass (43).jpg,636,476,Glass,233,44,364,438
Glass (44).jpg,636,476,Glass,227,45,355,425
Glass (45).jpg,636,476,Glass,233,35,365,445
Glass (46).jpg,636,476,Glass,234,50,364,454
Glass (47).jpg,636,476,Glass,234,8,377,448
Glass (48).jpg,636,476,Glass,237,9,388,453
Glass (49).jpg,636,472,Glass,228,18,369,445
Glass (5).jpg,632,476,Glass,200,12,337,430
Glass (50).jpg,636,476,Glass,237,34,378,459
Glass (51).jpg,632,476,Glass,239,21,381,464
Glass (52).jpg,636,472,Glass,239,55,371,456
Glass (53).jpg,632,472,Glass,230,45,370,456
Glass (54).jpg,636,476,Glass,247,81,376,454
Glass (55).jpg,632,468,Glass,237,72,370,452
Glass (56).jpg,636,476,Glass,247,79,369,444
Glass (57).jpg,636,476,Glass,244,68,364,422
Glass (58).jpg,632,476,Glass,251,77,369,422
Glass (59).jpg,636,476,Glass,245,74,370,431
Glass (6).jpg,636,472,Glass,190,18,338,431
Glass (60).jpg,628,464,Glass,253,96,379,447
Glass (61).jpg,636,476,Glass,252,77,367,421
Glass (62).jpg,636,476,Glass,238,56,364,439
Glass (63).jpg,636,476,Glass,238,55,366,432
Glass (64).jpg,636,476,Glass,235,41,365,442
Glass (65).jpg,636,476,Glass,237,49,366,435
Glass (66).jpg,636,476,Glass,233,45,374,446
Glass (67).jpg,636,476,Glass,238,43,369,440
Glass (68).jpg,636,476,Glass,226,25,371,451
Glass (69).jpg,636,476,Glass,237,26,370,448
Glass (7).jpg,636,472,Glass,226,58,335,383
Glass (70).jpg,636,476,Glass,230,29,380,470
Glass (71).jpg,636,476,Glass,226,25,369,466
Glass (72).jpg,632,472,Glass,232,58,368,466
Glass (73).jpg,632,476,Glass,238,49,374,470
Glass (74).jpg,636,476,Glass,229,64,353,448
Glass (75).jpg,632,472,Glass,219,58,353,460
Glass (76).jpg,636,476,Glass,225,81,333,410
Glass (77).jpg,636,476,Glass,224,81,336,411
Glass (78).jpg,636,476,Glass,229,82,343,409
Glass (79).jpg,636,476,Glass,226,89,340,412
Glass (8).jpg,636,476,Glass,227,59,339,383
Glass (80).jpg,636,476,Glass,232,83,344,406
Glass (81).jpg,636,476,Glass,229,84,345,405
Glass (82).jpg,636,476,Glass,232,82,350,405
Glass (83).jpg,636,476,Glass,228,81,347,407
Glass (84).jpg,636,476,Glass,237,78,353,407
Glass (85).jpg,636,472,Glass,226,72,346,402
Glass (86).jpg,636,476,Glass,232,85,347,408
Glass (87).jpg,636,476,Glass,224,64,347,416
Glass (88).jpg,636,476,Glass,233,71,353,406
Glass (89).jpg,636,476,Glass,222,60,343,408
Glass (9).jpg,632,476,Glass,222,64,333,383
Glass (90).jpg,636,476,Glass,221,68,343,415
Glass (91).jpg,636,476,Glass,228,44,351,404
Glass (92).jpg,636,476,Glass,226,51,349,405
Glass (93).jpg,636,476,Glass,238,37,367,403
Glass (94).jpg,628,472,Glass,227,38,359,408
Glass (95).jpg,636,476,Glass,233,26,365,401
Glass (96).jpg,636,476,Glass,229,25,368,406
Glass (97).jpg,636,476,Glass,237,30,364,404
Glass (98).jpg,636,476,Glass,228,27,362,409
Plastic (1).jpg,636,476,Plastic,240,37,398,410
Plastic (10).jpg,636,476,Plastic,239,95,396,443
Plastic (100).jpg,636,476,Plastic,234,45,398,416
Plastic (101).jpg,636,476,Plastic,238,42,393,412
Plastic (102).jpg,636,476,Plastic,239,38,400,417
Plastic (103).jpg,636,476,Plastic,241,45,397,413
Plastic (11).jpg,632,472,Plastic,250,70,403,430
Plastic (12).jpg,632,472,Plastic,244,97,387,419
Plastic (13).jpg,632,476,Plastic,244,93,381,411
Plastic (14).jpg,632,468,Plastic,240,75,400,404
Plastic (15).jpg,636,476,Plastic,239,98,376,405
Plastic (16).jpg,636,476,Plastic,241,91,386,408
Plastic (17).jpg,636,476,Plastic,241,88,387,401
Plastic (18).jpg,636,460,Plastic,242,133,398,459
Plastic (19).jpg,636,476,Plastic,244,52,378,402
Plastic (2).jpg,636,476,Plastic,232,42,403,441
Plastic (20).jpg,636,476,Plastic,229,70,377,425
Plastic (21).jpg,636,476,Plastic,222,57,372,428
Plastic (22).jpg,636,476,Plastic,238,57,380,416
Plastic (23).jpg,636,476,Plastic,208,27,372,442
Plastic (24).jpg,636,476,Plastic,222,41,382,435
Plastic (25).jpg,632,476,Plastic,190,44,362,464
Plastic (26).jpg,636,476,Plastic,204,30,362,448
Plastic (27).jpg,632,472,Plastic,201,56,355,449
Plastic (28).jpg,632,476,Plastic,212,66,351,424
Plastic (29).jpg,632,476,Plastic,216,74,347,420
Plastic (3).jpg,636,476,Plastic,226,41,405,442
Plastic (30).jpg,632,472,Plastic,207,69,358,437
Plastic (31).jpg,632,472,Plastic,218,72,345,391
Plastic (32).jpg,632,472,Plastic,207,76,350,407
Plastic (33).jpg,636,476,Plastic,226,79,347,379
Plastic (34).jpg,632,472,Plastic,226,89,344,387
Plastic (35).jpg,632,476,Plastic,220,75,343,387
Plastic (36).jpg,636,476,Plastic,229,93,344,384
Plastic (37).jpg,636,476,Plastic,235,54,388,398
Plastic (38).jpg,628,460,Plastic,230,55,386,398
Plastic (39).jpg,632,472,Plastic,247,57,396,394
Plastic (4).jpg,636,476,Plastic,226,53,400,445
Plastic (40).jpg,636,476,Plastic,228,45,387,422
Plastic (41).jpg,636,476,Plastic,231,47,385,410
Plastic (42).jpg,636,476,Plastic,219,33,386,426
Plastic (43).jpg,636,476,Plastic,222,48,384,430
Plastic (44).jpg,624,468,Plastic,213,34,375,421
Plastic (45).jpg,636,476,Plastic,214,20,389,431
Plastic (46).jpg,632,472,Plastic,233,61,380,403
Plastic (47).jpg,632,476,Plastic,248,70,382,397
Plastic (48).jpg,632,472,Plastic,231,53,380,413
Plastic (49).jpg,632,472,Plastic,242,78,379,384
Plastic (5).jpg,632,472,Plastic,226,31,403,445
Plastic (50).jpg,632,472,Plastic,243,77,380,399
Plastic (51).jpg,632,472,Plastic,246,85,379,381
Plastic (52).jpg,632,476,Plastic,242,96,367,383
Plastic (53).jpg,632,476,Plastic,240,83,374,390
Plastic (54).jpg,636,476,Plastic,209,53,371,435
Plastic (55).jpg,636,476,Plastic,200,53,365,432
Plastic (56).jpg,636,476,Plastic,205,51,363,425
Plastic (57).jpg,636,476,Plastic,216,64,372,427
Plastic (58).jpg,636,476,Plastic,218,68,371,427
Plastic (59).jpg,636,476,Plastic,210,56,365,427
Plastic (6).jpg,636,476,Plastic,222,30,403,441
Plastic (60).jpg,636,476,Plastic,229,39,396,441
Plastic (61).jpg,636,476,Plastic,225,39,393,444
Plastic (62).jpg,636,476,Plastic,231,42,396,441
Plastic (63).jpg,636,476,Plastic,229,41,396,444
Plastic (64).jpg,636,476,Plastic,231,39,393,443
Plastic (65).jpg,636,476,Plastic,233,42,396,442
Plastic (66).jpg,636,476,Plastic,232,43,394,441
Plastic (67).jpg,636,476,Plastic,230,41,392,445
Plastic (68).jpg,636,476,Plastic,231,42,398,446
Plastic (69).jpg,636,476,Plastic,232,43,397,443
Plastic (7).jpg,632,472,Plastic,242,46,410,431
Plastic (70).jpg,636,476,Plastic,272,87,420,447
Plastic (71).jpg,636,476,Plastic,271,87,424,445
Plastic (72).jpg,636,476,Plastic,266,88,416,451
Plastic (73).jpg,636,476,Plastic,272,90,416,448
Plastic (74).jpg,636,476,Plastic,255,71,414,440
Plastic (75).jpg,636,476,Plastic,258,75,413,443
Plastic (76).jpg,636,476,Plastic,256,53,415,439
Plastic (77).jpg,636,476,Plastic,257,59,412,437
Plastic (78).jpg,636,472,Plastic,257,48,417,431
Plastic (79).jpg,636,476,Plastic,262,48,419,435
Plastic (8).jpg,632,476,Plastic,249,68,409,428
Plastic (80).jpg,636,476,Plastic,257,47,413,432
Plastic (81).jpg,636,476,Plastic,265,51,426,449
Plastic (82).jpg,636,476,Plastic,264,48,426,447
Plastic (83).jpg,636,476,Plastic,255,51,422,448
Plastic (84).jpg,636,476,Plastic,258,48,424,450
Plastic (85).jpg,636,476,Plastic,259,59,412,445
Plastic (86).jpg,636,476,Plastic,251,61,411,452
Plastic (87).jpg,636,476,Plastic,251,49,422,454
Plastic (88).jpg,636,476,Plastic,250,67,411,448
Plastic (89).jpg,636,476,Plastic,249,63,407,445
Plastic (9).jpg,632,472,Plastic,232,46,405,440
Plastic (90).jpg,636,476,Plastic,246,74,408,452
Plastic (91).jpg,636,476,Plastic,246,69,406,450
Plastic (92).jpg,636,476,Plastic,234,49,391,422
Plastic (93).jpg,636,476,Plastic,234,57,393,424
Plastic (94).jpg,636,476,Plastic,232,50,392,417
Plastic (95).jpg,636,476,Plastic,231,52,392,422
Plastic (96).jpg,636,476,Plastic,233,51,394,417
Plastic (97).jpg,636,476,Plastic,234,46,397,415
Plastic (98).jpg,636,476,Plastic,230,49,400,419
Plastic (99).jpg,636,476,Plastic,233,48,393,417
To (1).jpg,636,476,Can,86,106,209,395
To (1).jpg,636,476,Plastic,241,127,364,403
To (1).jpg,636,476,Glass,417,90,528,415
To (10).jpg,640,480,Glass,78,82,216,456
To (10).jpg,640,480,Can,274,94,416,467
To (10).jpg,640,480,Plastic,483,88,639,448
To (100).jpg,636,476,Can,86,109,208,399
To (100).jpg,636,476,Plastic,243,131,362,410
To (100).jpg,636,476,Glass,413,86,526,417
To (101).jpg,636,476,Can,87,105,209,393
To (101).jpg,636,476,Plastic,243,124,368,406
To (101).jpg,636,476,Glass,413,85,529,412
To (11).jpg,640,480,Glass,80,86,220,457
To (11).jpg,640,480,Can,276,102,425,464
To (11).jpg,640,480,Plastic,477,94,640,445
To (12).jpg,640,480,Glass,86,84,222,460
To (12).jpg,640,480,Can,279,105,422,466
To (12).jpg,640,480,Plastic,479,98,632,442
To (13).jpg,640,480,Glass,78,82,215,460
To (13).jpg,640,480,Can,278,97,421,470
To (13).jpg,640,480,Plastic,477,86,640,448
To (14).jpg,640,480,Glass,83,84,223,459
To (14).jpg,640,480,Can,282,106,419,469
To (14).jpg,640,480,Plastic,475,98,632,446
To (15).jpg,640,480,Glass,64,101,176,432
To (15).jpg,640,480,Can,235,111,367,431
To (15).jpg,640,480,Plastic,440,123,584,424
To (16).jpg,640,480,Glass,60,99,173,431
To (16).jpg,640,480,Can,233,107,368,439
To (16).jpg,640,480,Plastic,443,121,582,428
To (17).jpg,640,480,Glass,71,105,187,424
To (17).jpg,640,480,Can,240,115,366,428
To (17).jpg,640,480,Plastic,433,122,573,420
To (18).jpg,640,480,Glass,73,97,190,428
To (18).jpg,640,480,Can,246,104,377,434
To (18).jpg,640,480,Plastic,446,120,589,420
To (19).jpg,640,480,Glass,82,110,195,425
To (19).jpg,640,480,Can,243,118,371,430
To (19).jpg,640,480,Plastic,434,127,574,421
To (2).jpg,640,480,Glass,91,105,220,449
To (2).jpg,640,480,Can,262,115,402,460
To (2).jpg,640,480,Plastic,450,118,598,439
To (20).jpg,640,480,Glass,81,107,200,418
To (20).jpg,640,480,Can,246,117,376,424
To (20).jpg,640,480,Plastic,441,124,580,413
To (21).jpg,640,480,Glass,78,114,194,425
To (21).jpg,640,480,Can,242,116,368,433
To (21).jpg,640,480,Plastic,433,131,573,421
To (22).jpg,640,480,Glass,80,93,198,422
To (22).jpg,640,480,Can,242,103,380,427
To (22).jpg,640,480,Plastic,446,119,591,417
To (23).jpg,640,480,Glass,78,101,198,417
To (23).jpg,640,480,Can,247,110,374,422
To (23).jpg,640,480,Plastic,441,119,577,411
To (24).jpg,640,480,Glass,75,91,199,429
To (24).jpg,640,480,Can,247,100,386,438
To (24).jpg,640,480,Plastic,460,107,604,427
To (25).jpg,640,480,Glass,80,97,199,420
To (25).jpg,640,480,Can,253,105,381,429
To (25).jpg,640,480,Plastic,447,111,595,418
To (26).jpg,640,480,Glass,64,81,195,433
To (26).jpg,640,480,Can,249,91,388,442
To (26).jpg,640,480,Plastic,465,101,619,431
To (27).jpg,640,480,Glass,74,88,200,432
To (27).jpg,640,480,Can,252,102,392,440
To (27).jpg,640,480,Plastic,463,107,614,431
To (28).jpg,640,480,Glass,61,77,193,445
To (28).jpg,640,480,Can,245,93,393,451
To (28).jpg,640,480,Plastic,472,96,634,446
To (29).jpg,640,480,Glass,62,81,194,438
To (29).jpg,640,480,Can,241,87,391,446
To (29).jpg,640,480,Plastic,467,93,625,439
To (3).jpg,640,480,Glass,91,87,214,442
To (3).jpg,640,480,Can,266,97,404,452
To (3).jpg,640,480,Plastic,456,99,609,431
To (30).jpg,640,480,Glass,60,83,195,437
To (30).jpg,640,480,Can,245,94,395,449
To (30).jpg,640,480,Plastic,469,97,626,440
To (31).jpg,640,480,Glass,66,83,195,434
To (31).jpg,640,480,Can,246,87,387,445
To (31).jpg,640,480,Plastic,463,101,620,438
To (32).jpg,640,480,Glass,59,82,190,441
To (32).jpg,640,480,Can,243,94,387,448
To (32).jpg,640,480,Plastic,469,104,624,440
To (33).jpg,636,476,Glass,68,84,188,442
To (33).jpg,636,476,Can,240,96,376,443
To (33).jpg,636,476,Plastic,432,125,577,454
To (34).jpg,636,476,Glass,66,87,194,441
To (34).jpg,636,476,Can,239,100,380,446
To (34).jpg,636,476,Plastic,430,128,577,458
To (35).jpg,636,476,Glass,62,87,193,442
To (35).jpg,636,476,Can,240,99,377,444
To (35).jpg,636,476,Plastic,429,126,571,457
To (36).jpg,636,476,Glass,65,86,189,442
To (36).jpg,636,476,Can,239,98,378,447
To (36).jpg,636,476,Plastic,429,127,576,455
To (37).jpg,636,476,Glass,59,90,194,443
To (37).jpg,636,476,Can,239,101,374,448
To (37).jpg,636,476,Plastic,432,129,575,457
To (38).jpg,636,476,Glass,61,84,189,443
To (38).jpg,636,476,Can,239,103,372,446
To (38).jpg,636,476,Plastic,429,130,572,457
To (39).jpg,636,476,Glass,62,88,188,440
To (39).jpg,636,476,Can,239,102,375,448
To (39).jpg,636,476,Plastic,429,132,574,455
To (4).jpg,640,480,Glass,89,91,216,442
To (4).jpg,640,480,Can,268,101,405,449
To (4).jpg,640,480,Plastic,457,99,607,427
To (40).jpg,636,476,Glass,63,84,190,441
To (40).jpg,636,476,Can,241,99,376,445
To (40).jpg,636,476,Plastic,425,128,573,457
To (41).jpg,636,476,Glass,60,87,186,442
To (41).jpg,636,476,Can,236,104,378,448
To (41).jpg,636,476,Plastic,427,127,572,458
To (42).jpg,636,476,Glass,61,88,189,443
To (42).jpg,636,476,Can,239,100,371,447
To (42).jpg,636,476,Plastic,425,131,570,458
To (43).jpg,636,476,Glass,56,63,187,435
To (43).jpg,636,476,Can,241,85,385,436
To (43).jpg,636,476,Plastic,434,112,579,441
To (44).jpg,636,476,Glass,62,58,189,432
To (44).jpg,636,476,Can,240,78,387,435
To (44).jpg,636,476,Plastic,438,111,582,440
To (45).jpg,636,476,Glass,63,53,191,430
To (45).jpg,636,476,Can,247,80,387,430
To (45).jpg,636,476,Plastic,437,109,583,438
To (46).jpg,636,476,Glass,64,61,193,430
To (46).jpg,636,476,Can,247,81,390,436
To (46).jpg,636,476,Plastic,438,107,586,439
To (47).jpg,636,476,Glass,62,61,191,433
To (47).jpg,636,476,Can,243,82,387,436
To (47).jpg,636,476,Plastic,433,110,581,442
To (48).jpg,636,476,Glass,59,61,192,434
To (48).jpg,636,476,Can,240,83,388,434
To (48).jpg,636,476,Plastic,434,109,581,443
To (49).jpg,636,476,Glass,56,59,191,436
To (49).jpg,636,476,Can,240,76,386,437
To (49).jpg,636,476,Plastic,435,111,581,443
To (5).jpg,640,480,Glass,82,83,211,444
To (5).jpg,640,480,Can,265,95,410,453
To (5).jpg,640,480,Plastic,458,84,617,429
To (50).jpg,636,476,Glass,56,55,189,435
To (50).jpg,636,476,Can,246,86,386,435
To (50).jpg,636,476,Plastic,433,112,582,444
To (51).jpg,636,476,Glass,60,61,188,431
To (51).jpg,636,476,Can,247,84,383,433
To (51).jpg,636,476,Plastic,436,111,581,438
To (52).jpg,636,476,Glass,54,64,186,435
To (52).jpg,636,476,Can,244,85,382,437
To (52).jpg,636,476,Plastic,433,117,577,444
To (53).jpg,636,476,Glass,54,128,154,405
To (53).jpg,636,476,Can,250,132,363,414
To (53).jpg,636,476,Plastic,430,133,557,399
To (54).jpg,636,476,Glass,50,127,152,407
To (54).jpg,636,476,Can,250,128,362,414
To (54).jpg,636,476,Plastic,429,125,559,395
To (55).jpg,636,476,Glass,56,127,156,406
To (55).jpg,636,476,Can,250,132,363,408
To (55).jpg,636,476,Plastic,429,130,556,392
To (56).jpg,636,476,Glass,35,113,142,405
To (56).jpg,636,476,Can,239,118,356,408
To (56).jpg,636,476,Plastic,422,116,555,390
To (57).jpg,636,476,Glass,40,121,146,406
To (57).jpg,636,476,Can,242,126,360,411
To (57).jpg,636,476,Plastic,429,124,558,392
To (58).jpg,636,476,Glass,25,111,133,406
To (58).jpg,636,476,Can,231,110,350,407
To (58).jpg,636,476,Plastic,418,113,552,389
To (59).jpg,636,476,Glass,23,106,125,403
To (59).jpg,636,476,Can,229,108,349,405
To (59).jpg,636,476,Plastic,417,105,555,388
To (6).jpg,640,480,Glass,88,84,214,442
To (6).jpg,640,480,Can,267,106,405,456
To (6).jpg,640,480,Plastic,460,93,613,429
To (60).jpg,636,476,Glass,33,113,139,405
To (60).jpg,636,476,Can,238,117,355,411
To (60).jpg,636,476,Plastic,422,119,554,392
To (61).jpg,636,472,Glass,29,108,135,398
To (61).jpg,636,472,Can,230,114,350,404
To (61).jpg,636,472,Plastic,417,110,550,388
To (62).jpg,632,472,Glass,19,97,127,392
To (62).jpg,632,472,Can,225,101,349,399
To (62).jpg,632,472,Plastic,415,100,551,382
To (63).jpg,632,472,Glass,37,130,138,410
To (63).jpg,632,472,Can,231,136,345,415
To (63).jpg,632,472,Plastic,409,139,539,400
To (64).jpg,632,472,Glass,46,138,152,407
To (64).jpg,632,472,Can,238,140,353,416
To (64).jpg,632,472,Plastic,416,140,537,402
To (65).jpg,632,472,Glass,27,119,135,408
To (65).jpg,632,472,Can,228,127,348,412
To (65).jpg,632,472,Plastic,410,127,540,400
To (66).jpg,636,476,Glass,54,140,160,409
To (66).jpg,636,476,Can,244,151,358,421
To (66).jpg,636,476,Plastic,419,155,543,411
To (67).jpg,636,476,Glass,67,118,167,388
To (67).jpg,636,476,Can,248,117,356,383
To (67).jpg,636,476,Plastic,426,126,548,381
To (68).jpg,636,472,Glass,65,120,163,387
To (68).jpg,636,472,Can,246,119,353,381
To (68).jpg,636,472,Plastic,425,130,545,378
To (69).jpg,636,476,Glass,68,121,168,391
To (69).jpg,636,476,Can,244,112,357,386
To (69).jpg,636,476,Plastic,426,131,548,380
To (7).jpg,640,480,Glass,79,73,215,447
To (7).jpg,640,480,Can,266,90,417,458
To (7).jpg,640,480,Plastic,469,80,634,433
To (70).jpg,636,476,Glass,65,120,165,390
To (70).jpg,636,476,Can,248,119,354,384
To (70).jpg,636,476,Plastic,427,134,546,380
To (71).jpg,636,476,Glass,65,121,164,391
To (71).jpg,636,476,Can,244,117,354,384
To (71).jpg,636,476,Plastic,421,130,545,382
To (72).jpg,632,476,Glass,70,121,168,388
To (72).jpg,632,476,Can,248,117,356,384
To (72).jpg,632,476,Plastic,424,130,547,381
To (73).jpg,636,476,Glass,72,125,169,392
To (73).jpg,636,476,Can,248,122,360,385
To (73).jpg,636,476,Plastic,432,132,550,381
To (74).jpg,636,476,Glass,68,123,167,389
To (74).jpg,636,476,Can,246,119,359,385
To (74).jpg,636,476,Plastic,427,132,548,382
To (75).jpg,636,476,Glass,71,125,171,390
To (75).jpg,636,476,Can,249,120,357,386
To (75).jpg,636,476,Plastic,429,133,548,382
To (76).jpg,636,476,Glass,70,126,165,390
To (76).jpg,636,476,Can,250,119,353,385
To (76).jpg,636,476,Plastic,428,134,548,381
To (77).jpg,636,476,Glass,50,108,159,409
To (77).jpg,636,476,Can,238,105,362,405
To (77).jpg,636,476,Plastic,454,120,591,401
To (78).jpg,636,472,Glass,48,116,154,417
To (78).jpg,636,472,Can,238,112,356,410
To (78).jpg,636,472,Plastic,451,125,585,402
To (79).jpg,636,476,Glass,47,112,155,417
To (79).jpg,636,476,Can,235,114,358,412
To (79).jpg,636,476,Plastic,452,125,586,404
To (8).jpg,640,480,Glass,76,77,210,443
To (8).jpg,640,480,Can,264,90,409,451
To (8).jpg,640,480,Plastic,465,80,620,426
To (80).jpg,636,476,Glass,47,110,156,414
To (80).jpg,636,476,Can,238,111,357,412
To (80).jpg,636,476,Plastic,452,123,586,405
To (81).jpg,636,476,Glass,50,121,156,422
To (81).jpg,636,476,Can,239,116,356,417
To (81).jpg,636,476,Plastic,451,127,588,406
To (82).jpg,636,476,Glass,47,125,158,420
To (82).jpg,636,476,Can,239,114,357,415
To (82).jpg,636,476,Plastic,454,133,587,409
To (83).jpg,636,476,Can,93,85,220,389
To (83).jpg,636,476,Plastic,251,107,377,398
To (83).jpg,636,476,Glass,421,64,542,403
To (84).jpg,636,476,Can,94,88,221,390
To (84).jpg,636,476,Plastic,252,108,373,396
To (84).jpg,636,476,Glass,421,64,545,399
To (85).jpg,636,476,Can,93,87,221,389
To (85).jpg,636,476,Plastic,247,107,374,399
To (85).jpg,636,476,Glass,418,67,543,399
To (86).jpg,636,476,Can,89,90,227,382
To (86).jpg,636,476,Plastic,253,107,379,394
To (86).jpg,636,476,Glass,420,68,546,396
To (87).jpg,636,476,Can,78,91,223,385
To (87).jpg,636,476,Plastic,242,105,370,399
To (87).jpg,636,476,Glass,422,69,539,403
To (88).jpg,636,476,Can,90,90,226,385
To (88).jpg,636,476,Plastic,245,107,372,399
To (88).jpg,636,476,Glass,424,67,540,401
To (89).jpg,636,476,Can,89,93,223,390
To (89).jpg,636,476,Plastic,245,108,376,401
To (89).jpg,636,476,Glass,416,69,539,404
To (9).jpg,640,480,Glass,75,80,216,466
To (9).jpg,640,480,Can,277,98,419,473
To (9).jpg,640,480,Plastic,480,84,640,448
To (90).jpg,636,476,Can,93,89,219,389
To (90).jpg,636,476,Plastic,245,111,374,401
To (90).jpg,636,476,Glass,418,66,533,401
To (91).jpg,636,476,Can,88,91,222,391
To (91).jpg,636,476,Plastic,247,110,374,398
To (91).jpg,636,476,Glass,425,68,536,399
To (92).jpg,636,476,Can,88,93,223,388
To (92).jpg,636,476,Plastic,250,114,374,400
To (92).jpg,636,476,Glass,424,70,536,400
To (93).jpg,636,476,Can,105,113,232,413
To (93).jpg,636,476,Plastic,250,136,372,430
To (93).jpg,636,476,Glass,424,98,538,441
To (94).jpg,636,476,Can,99,111,227,411
To (94).jpg,636,476,Plastic,247,134,368,425
To (94).jpg,636,476,Glass,422,103,534,434
To (95).jpg,636,476,Can,109,115,225,415
To (95).jpg,636,476,Plastic,248,134,370,424
To (95).jpg,636,476,Glass,425,99,544,436
To (96).jpg,636,476,Can,102,111,227,413
To (96).jpg,636,476,Plastic,248,133,366,424
To (96).jpg,636,476,Glass,420,100,543,433
To (97).jpg,636,476,Can,106,108,225,407
To (97).jpg,636,476,Plastic,246,135,370,424
To (97).jpg,636,476,Glass,419,99,538,431
To (98).jpg,636,476,Can,92,111,214,401
To (98).jpg,636,476,Plastic,248,128,370,408
To (98).jpg,636,476,Glass,414,94,531,415
To (99).jpg,636,476,Can,97,111,216,399
To (99).jpg,636,476,Plastic,247,130,370,414
To (99).jpg,636,476,Glass,417,91,535,419
